[{"author_name": "Lucifer", "message": "the devil remember's Meth"}, {"author_name": "Im retarded but", "message": "Yall have so many options. I had calculus 1,2 mandatory"}, {"author_name": "Im retarded but", "message": "Asian life"}, {"author_name": "AMCfunk", "message": "New Funklatino Videoclip On you tube AMCfunk"}, {"author_name": "Trey Gephardt", "message": "Vibe check"}, {"author_name": "D", "message": "@Sophie yep. foundations, geometry, algebra 2 [my favorite], and algebra 1. never took pre calculus"}, {"author_name": "Spec", "message": "like fr"}, {"author_name": "Olly Bo3", "message": "UK??"}, {"author_name": "Jung sucaritas Kook", "message": "Pues ella est\u00e1 mal, somos amigos Vale, no nos abandones"}, {"author_name": "andre cook", "message": "~im givieng speaches bc nobody can control you you can control you~ "}, {"author_name": "Eddie Zhang", "message": "Any tips for going into hs?"}, {"author_name": "Sophia Mauricio", "message": "i took honors pre calc"}, {"author_name": "Jung sucaritas Kook", "message": "nos gusta hablarte y estar contigo"}, {"author_name": "Orbelinda Lazo", "message": "hey of one of yall play firtnute i beat yall easy"}, {"author_name": "Olly Bo3", "message": "This damn heatwave"}, {"author_name": "Axl Axl", "message": "same here"}, {"author_name": "andre cook", "message": "uh"}, {"author_name": "D", "message": "@Sophie what's pre calculus like?"}, {"author_name": "Orbelinda Lazo", "message": "fortnite fortnite fortnite"}, {"author_name": "DORENA PEREZ", "message": "@Manuel Obando si de echo ya los bloque"}, {"author_name": "Sophia Mauricio", "message": "u had to take geometry frehsman year instead of alg 1 to get to calculus which i didn\u2019t do"}, {"author_name": "Edmond Fitzgerald", "message": "vbes = checked"}, {"author_name": "ni szeremeta", "message": "tchau"}, {"author_name": "Nicholas Becker", "message": "Spec ( like fr.... for what??? "}, {"author_name": "Trey Gephardt", "message": "Fortnite yessir"}, {"author_name": "Olly Bo3", "message": "@Eddie Zhang Just dont act hard lol"}, {"author_name": "andre cook", "message": "you cant beat my cousin at fortnight "}, {"author_name": "Lucifer", "message": "@andre cook how much does that membership cost!"}, {"author_name": "Orbelinda Lazo", "message": "im moongraal"}, {"author_name": "Sophia Mauricio", "message": "pre cal sucked rly bad like every chapter got worse and harder n i hated it"}, {"author_name": "Manuel Obando", "message": "Excelente..."}, {"author_name": "Orbelinda Lazo", "message": "yessirrr fortnite"}, {"author_name": "fysh", "message": "sophia as a senior?"}, {"author_name": "tosca plays", "message": "hello"}, {"author_name": "Jung sucaritas Kook", "message": "Vale, no nos dejes xddddd"}, {"author_name": "andre cook", "message": "idk i think i forgot o&gt;o"}, {"author_name": "Huntercraft9000YT", "message": "HI"}, {"author_name": "Brxken_ Pastel", "message": "I hear this music all night "}, {"author_name": "Manuel Obando", "message": "As\u00ed es como se hace"}, {"author_name": "DEPRESSING", "message": "Eddie Zhang, yeah man.. always be yo self in a positive way.. don\u2019t try and fit in with the scrubs in HS"}, {"author_name": "andre cook", "message": "let me seee"}, {"author_name": "AlisanderOLO", "message": "IamNotJesus"}, {"author_name": "Sophia Mauricio", "message": "problem was i had to either take that class or trig which was just regular which would make me look bad by going down a level"}, {"author_name": "Eddie Zhang", "message": "@Olly Bo3 Im here at midnight listening to lofi music lmao"}, {"author_name": "D", "message": "@Sophie ha! I'm glad I didn't take it [looks at the camera]"}, {"author_name": "Bryan Baltodano Ordo\u00f1ez", "message": "the last of us 2"}, {"author_name": "Edmond Fitzgerald", "message": "IB calc was a nightmare"}, {"author_name": "Brxken_ Pastel", "message": "hi bae "}, {"author_name": "Battery Acid", "message": "Five Nights At Freddys"}, {"author_name": "Trey Gephardt", "message": "Playing it right now"}, {"author_name": "andre cook", "message": "uh"}, {"author_name": "D", "message": "@Bryan Dissapointing"}, {"author_name": "DORENA PEREZ", "message": "@Manuel Obando enserio gracias por todo ru apoyo"}, {"author_name": "Victor game 23 07", "message": "ohhh"}, {"author_name": "Sophia Mauricio", "message": "calc and pre cal are senior classs"}, {"author_name": "vtbg", "message": "solo estoy esperando que venga Sebasti\u00e1n para despedirme "}, {"author_name": "DORENA PEREZ", "message": "tu*"}, {"author_name": "Chris INTERNATIONAL", "message": "Good morning everyone "}, {"author_name": "Victor game 23 07", "message": "uhhhh"}, {"author_name": "andre cook", "message": "i think its litarly stuck"}, {"author_name": "Jo\u00e3o Campello", "message": "opa boa noite"}, {"author_name": "Chris INTERNATIONAL", "message": "Have a nice Friday "}, {"author_name": "Olly Bo3", "message": "@Eddie Zhang lmao i just woke up its 5:24 rn"}, {"author_name": "Sophia Mauricio", "message": "pre cal can b for juniors if they skip alg 1 in my school"}, {"author_name": "fysh", "message": "Sophia i took calc ab as a sophomore"}, {"author_name": "andre cook", "message": "i cant see the price unless i leave the group"}, {"author_name": "Yan Vinicius", "message": "good night everyone"}, {"author_name": "Victor game 23 07", "message": "like\u30c4"}, {"author_name": "Lucifer", "message": "Good Morning "}, {"author_name": "andre cook", "message": "o&gt;o"}, {"author_name": "Jung sucaritas Kook", "message": "@vtbg Te iras para siempre ???"}, {"author_name": "Chris INTERNATIONAL", "message": "Always smile, courage and positivity ! "}, {"author_name": "andre cook", "message": "goos ni-"}, {"author_name": "Jung sucaritas Kook", "message": "neta??"}, {"author_name": "Manuel Obando", "message": "Eso no es nada, me gusta ayudar a la gente"}, {"author_name": "andre cook", "message": "bruh"}, {"author_name": "andre cook", "message": "is that lucifer\\"}, {"author_name": "Cactus Jack", "message": "SUP BOIS"}, {"author_name": "andre cook", "message": "/-.-"}, {"author_name": "Raul Garcia del Ducca", "message": "hola desde Colombia"}, {"author_name": "Peixonauta", "message": "Voltei"}, {"author_name": "Trey Gephardt", "message": "Goodnight!"}, {"author_name": "time for change", "message": "@Sophia Mauricio all good. i think you are Latina girl right?"}, {"author_name": "Sophia Mauricio", "message": "rly? that sounds kinda insane for sophomore year"}, {"author_name": "D", "message": "@Sophie wow, thats boo boo juice"}, {"author_name": "Victor game 23 07", "message": "'-'"}, {"author_name": "vtbg", "message": "sip"}, {"author_name": "SwaggerDRAGON77", "message": "~~"}, {"author_name": "Sophia Mauricio", "message": "sophomore year was the worse year for me but mostly cuz of chemistry"}, {"author_name": "Nicholas Becker", "message": "I am back"}, {"author_name": "Edmond Fitzgerald", "message": "i gotta retake my calc i class at college bc i failed it the first time"}, {"author_name": "DORENA PEREZ", "message": "@Chris INTERNATIONAL thank you friend equally"}, {"author_name": "Im retarded but", "message": "Good song again"}, {"author_name": "Peixonauta", "message": "Kd o @s41k0 m3n3 ? Em @ni szeremeta"}, {"author_name": "Maddie Meck", "message": "Hey bruvs"}, {"author_name": "Cactus Jack", "message": "Hey big"}, {"author_name": "andre cook", "message": "uhhh"}, {"author_name": "Tati A. T", "message": "totoro"}, {"author_name": "Chris INTERNATIONAL", "message": "God "}, {"author_name": "Jung sucaritas Kook", "message": "valentina por que "}, {"author_name": "Cactus Jack", "message": "Nic"}, {"author_name": "vtbg", "message": "igual no te preocupes, alg\u00fan momento voy a volver, no puedo dejar de ir a un chat "}, {"author_name": "fysh", "message": "Sophia yeah im pretty smart but i failed and had to retake it junior year because i had a really bad concussion"}, {"author_name": "Jung sucaritas Kook", "message": "Wey me est\u00e1s rompiendo el coraz\u00f3n"}, {"author_name": "Nicholas Becker", "message": "Yes "}, {"author_name": "Cactus Jack", "message": "Dang"}, {"author_name": "Sophia Mauricio", "message": "@TOC a lot of ppl assume i\u2019m latina but im from portugal which isn\u2019t considered hispanic or latino so no i\u2019m white :)"}, {"author_name": "Trey Gephardt", "message": ".. - ... .-.. .. -"}, {"author_name": "Jung sucaritas Kook", "message": "siempre seremos amigos??"}, {"author_name": "D", "message": "@Sophie you do meth in chemistry?"}, {"author_name": "Victor game 23 07", "message": "~-~"}, {"author_name": "ProjectileLasagna", "message": "hey guys"}, {"author_name": "ProjectileLasagna", "message": "we do be vibin"}, {"author_name": "DORENA PEREZ", "message": "@Manuel Obando jejeje eres un gran amigo "}, {"author_name": "Victor game 23 07", "message": "(0-0)"}, {"author_name": "Chris INTERNATIONAL", "message": "With pleasure @DORENA and thank you ! "}, {"author_name": "G_a_m_i_n_g G_i_r_L", "message": "Um "}, {"author_name": "Cactus Jack", "message": "Hey project"}, {"author_name": "Victor game 23 07", "message": "brr"}, {"author_name": "Sophia Mauricio", "message": "o damn sorry abt that. i never did sports rly cuz i suck (assuming that\u2019s how u got ur concussion)"}, {"author_name": "vtbg", "message": "mm creo que s\u00ed"}, {"author_name": "Spec", "message": "why not swear ?"}, {"author_name": "ProjectileLasagna", "message": "hi cactus"}, {"author_name": "James Landau", "message": "hola todos"}, {"author_name": "Jung sucaritas Kook", "message": "crees?!!!"}, {"author_name": "Sophia Mauricio", "message": "just like in breaking bad yep @D"}, {"author_name": "vitin_ naz", "message": "if you are sleeping type 1, and if you are not go to sleep"}, {"author_name": "Edmond Fitzgerald", "message": "gotta make sure to take that org chem so you can make all your favorite drugs yourself"}, {"author_name": "Alexander. Z", "message": "HI"}, {"author_name": "Dominic Richard", "message": "Guys... is sex real"}, {"author_name": "Nicholas Becker", "message": "@Cactus Jack ( what is it )"}, {"author_name": "Manuel Obando", "message": "Usted tambi\u00e9n es una buena amiga"}, {"author_name": "Peixonauta", "message": "N\u00e3ooooooooooooooooooooooo eles sair\u00e3o:\u2019h"}, {"author_name": "vtbg", "message": "y si no me olvidas si"}, {"author_name": "Vit\u00f3ria Vassoleri", "message": "roi"}, {"author_name": "andre cook", "message": "ik sex is real"}, {"author_name": "Maddie Meck", "message": "(\u301c\uffe3\u25b3\uffe3)\u301c"}, {"author_name": "Peixonauta", "message": ":\u2019("}, {"author_name": "Edmond Fitzgerald", "message": "dominic onn another level rn"}, {"author_name": "Victor game 23 07", "message": "qm e brrrrrrr"}, {"author_name": "Crack Racer", "message": "**soluci\u00f3n por que no crean un grupo de whats en vez de dejar su conversaci\u00f3n al p\u00fablico"}, {"author_name": "James Landau", "message": "lol"}, {"author_name": "DORENA PEREZ", "message": "@Chris INTERNATIONAL take care, have a good day"}, {"author_name": "Cactus Jack", "message": "How are you project"}, {"author_name": "koro", "message": "hey guys"}, {"author_name": "Jung sucaritas Kook", "message": "Jamas Valentina"}, {"author_name": "Jung sucaritas Kook", "message": "te quiero mucho"}, {"author_name": "Sophia Mauricio", "message": "WAIT sex is real????"}, {"author_name": "fysh", "message": "Sophia i do play sports but actually i was in a car crash n got it but its all good now everything and everybody was fine"}, {"author_name": "Supurv gaming", "message": "Omg"}, {"author_name": "vero nica", "message": ". _ ."}, {"author_name": "Supurv gaming", "message": "This is good"}, {"author_name": "Orbelinda Lazo", "message": "hahahahahahahah"}, {"author_name": "DORENA PEREZ", "message": "@Manuel Obando enserio ??"}, {"author_name": "vtbg", "message": "ok "}, {"author_name": "Victor game 23 07", "message": "=/"}, {"author_name": "\u2022Firstname Lastname\u2022", "message": "Ps4 anyone"}, {"author_name": "Im retarded but", "message": "sex is fake ofc"}, {"author_name": "Manuel Obando", "message": "S\u00ed, Dorena"}, {"author_name": "Sophia Mauricio", "message": "ok that\u2019s good :) n that sucks they made u retake it for something out of ur control"}, {"author_name": "andre cook", "message": "bci saw drake and doja cat do some NASTY in the bed so i think sex is real im such a smarty bish "}, {"author_name": "Nicholas Becker", "message": ""}, {"author_name": "Victor game 23 07", "message": ";-;"}, {"author_name": "Orbelinda Lazo", "message": "me ps4 me ps4"}, {"author_name": "Crack Racer", "message": "buen as"}, {"author_name": "Sophia Mauricio", "message": "doja cat would never settle for drake dont u dare drag herrrrrrr"}, {"author_name": "Peixonauta", "message": "Musica perfeita pro clima "}, {"author_name": "Edmond Fitzgerald", "message": "sex is as real as you want it to be"}, {"author_name": "Cosmos", "message": "algu\u00e9m BR?"}, {"author_name": "vero nica", "message": "i\u2019m on ps4 rn"}, {"author_name": "Death Cruzer", "message": "@Sophia Mauricio colleges are never fair"}, {"author_name": "\u2022Firstname Lastname\u2022", "message": "Orbelinda what\u2019s your gamer tag?"}, {"author_name": "vero nica", "message": "brb"}, {"author_name": "andre cook", "message": ""}, {"author_name": "Victor game 23 07", "message": ";-:"}, {"author_name": "Peixonauta", "message": "Eae @cosmos"}, {"author_name": "Eddie Zhang", "message": "DOJA CAT???"}, {"author_name": "Crack Racer", "message": "B U E N A S N O C H E S"}, {"author_name": "fysh", "message": "Sophia frrr my teacher was a bih and she didnt help me learn what i missed"}, {"author_name": "Sophia Mauricio", "message": "we r talking abt hs actually"}, {"author_name": "andre cook", "message": "i just said that for fun and proof that sex is reallll"}, {"author_name": "Trey Gephardt", "message": "What\u2019s the difference between ignorance and apathy? I don\u2019t know and I don\u2019t care"}, {"author_name": "fysh", "message": "i missed like 2 months of school"}, {"author_name": "Cactus Jack", "message": "Bro this be so chill."}, {"author_name": "Cosmos", "message": "eaii"}, {"author_name": "Nicholas Becker", "message": "I am listening to my music as I am vibin"}, {"author_name": "SlimeKing6238", "message": "WHAT"}, {"author_name": "SlimeKing6238", "message": "THE"}, {"author_name": "SlimeKing6238", "message": "HELL"}, {"author_name": "\u2022Firstname Lastname\u2022", "message": "Vero nica what\u2019s your gamer tag?"}, {"author_name": "SlimeKing6238", "message": "IS THIS CHAT"}, {"author_name": "Peixonauta", "message": "@cosmos perdi meus amigos incr\u00edveis"}, {"author_name": "vtbg", "message": "Sebasti\u00e1n no viene m\u00e1s "}, {"author_name": "Victor game 23 07", "message": "~-----~"}, {"author_name": "Sophia Mauricio", "message": "that\u2019s something i rly hate abt the education system is having teachers who rly don\u2019t care"}, {"author_name": "koro", "message": "guys calm me down"}, {"author_name": "vero nica", "message": "hold on brb"}, {"author_name": "Peixonauta", "message": "Eles tav\u00e3o na live :("}, {"author_name": "Victor game 23 07", "message": ""}, {"author_name": "Death Cruzer", "message": "@Sophia Mauricio doja cat only got popular by tricking ppl that she'd leak her nudes"}, {"author_name": "Cactus Jack", "message": "Wat"}, {"author_name": "Edmond Fitzgerald", "message": "slimeking"}, {"author_name": "Edmond Fitzgerald", "message": "vibe check"}, {"author_name": "\u2022Firstname Lastname\u2022", "message": "Okay"}, {"author_name": "\u6211\u662f \u8d8a\u5357\u4eba \u3002", "message": ""}, {"author_name": "DORENA PEREZ", "message": "@Manuel Obando yo pense que era pesima"}, {"author_name": "Spec", "message": "sex"}, {"author_name": "Cactus Jack", "message": "Koro what happened"}, {"author_name": "Sophia Mauricio", "message": "i always thought they should have incentives to teachers for their class having overall good grades"}, {"author_name": "Peixonauta", "message": "@cosmos flw vo dormir dsclp cara"}, {"author_name": "andre cook", "message": "oh this is f ing the most unchillest vibe chat you ever seen @SlimeKing6238"}, {"author_name": "Nicholas Becker", "message": ""}, {"author_name": "Jung sucaritas Kook", "message": "no vendra vale"}, {"author_name": "Lucifer", "message": "will brb "}, {"author_name": "Jung sucaritas Kook", "message": "se fue a hablar con una chica"}, {"author_name": "Rodrigues Santos", "message": "Bolsonaro2022"}, {"author_name": "Axl Axl", "message": "is this a garden?? only puberts"}, {"author_name": "Sophia Mauricio", "message": "would rly motivate them to teach and help students"}, {"author_name": "Axl Axl", "message": "here"}, {"author_name": "Manuel Obando", "message": "No, todo lo contrario, eres una buena persona"}, {"author_name": "Sou Fake", "message": "Brasil"}, {"author_name": "Ethan Thomas", "message": "Gahdamn thanku forthis "}, {"author_name": "Ulyses", "message": "what's poppin"}, {"author_name": "Thiago Pro", "message": "Hi"}, {"author_name": "Ethan Thomas", "message": "From RVA"}, {"author_name": "Victor game 23 07", "message": ""}, {"author_name": "Nicholas Becker", "message": "I am just vibin hard "}, {"author_name": "Rodrigues Santos", "message": "br= rj"}, {"author_name": "Cactus Jack", "message": "Hey Sofia ur right"}, {"author_name": "Sophia Mauricio", "message": "hey it\u2019s a business move. same w belle delphine if i could market something insignificant to me ans make bank i would too"}, {"author_name": "Death Cruzer", "message": "money is the only incentive"}, {"author_name": "Victor game 23 07", "message": "QM E BRRRRRRR4444444"}, {"author_name": "Edmond Fitzgerald", "message": "yo my sister lives in RVA"}, {"author_name": "Thiago Pro", "message": "Che que onda soy el unico que habla espa\u00f1ol\u00bf?"}, {"author_name": "Doug Belcher", "message": "I just started it and it started at the end so I went back to the beginning"}, {"author_name": "Rodrigues Santos", "message": "ngm"}, {"author_name": "vtbg", "message": "entonces me voy ahora "}, {"author_name": "Anita Dangayach", "message": ""}, {"author_name": "Sophia Mauricio", "message": "u gotta respect the hustle women like that have, they play the game that men created for them"}, {"author_name": "DORENA PEREZ", "message": "@Thiago Pro nopi"}, {"author_name": "\u2022Firstname Lastname\u2022", "message": "...."}, {"author_name": "Qwerty girls Ingfar", "message": "Hi"}, {"author_name": "Ethan Thomas", "message": "Heard that"}, {"author_name": "AlisanderOLO", "message": "As someone whos lost i have found jesus :)"}, {"author_name": "Jung sucaritas Kook", "message": "No, buenas noches"}, {"author_name": "Rodrigues Santos", "message": "Br= Brasil"}, {"author_name": "Rachel Rivera", "message": ""}, {"author_name": "DORENA PEREZ", "message": "@Manuel Obando jejee gracias por decir eso"}, {"author_name": "Jung sucaritas Kook", "message": "cuidate :'''D"}, {"author_name": "Qwerty girls Ingfar", "message": "Infarction Yang"}]